{
	"name": "Container Service Network",
	"x-networkId": "ibm-cs-network",
	"x-type": "hlfv1",
	"description": "Connection Profile for an IBM Blockchain Network on the container service",
	"version": "1.0.0",
	"client": {
		"organization": "Org3MSP"
	},
	"channels": {
		"channel1": {
			"orderers": [
				"fabric-orderer"
			],
			"peers": {
				"fabric-peer-org3": {
					"endorsingPeer": true,
					"chaincodeQuery": true,
					"ledgerQuery": true,
					"eventSource": true
				}
			},
			"chaincodes": {
				"example02": "v1"
			}
		}
	},
	"organizations": {
		"Org3MSP": {
			"mspid": "Org3MSP",
			"peers": [
				"blockchain-org3peer1"
			],
			"certificateAuthorities": [
				"blockchain-ca"
			],
			"adminPrivateKey": {
				"pem": "ADMINPRIVATEKEY"
			},
			"signedCert": {
				"pem": "ADMINPUBLICKEY"
			}
		}
	},
	"orderers": {
		"fabric-orderer": {
			"url": "grpc://ORDERER-PUBLICIP:31010"
		}
	},
	"peers": {
		"blockchain-org3peer1": {
			"url": "grpc://org3PEER1-PUBLICIP:30310",
			"eventUrl": "grpc://org3PEER1-PUBLICIP:30311"
		}
	},
	"certificateAuthorities": {
		"blockchain-ca": {
			"url": "http://CA-PUBLICIP:30054",
			"httpOptions": {
				"verify": true
			},
			"registrar": [
				{
					"enrollId": "admin",
					"enrollSecret": "adminpw"
				}
			],
			"caName": "CA3"
		}
	}
}
